{"pend":
    {"time_end": 40,
    "state0": ["3.1415926535", "1.5707963267", "0.0", "0.0"],
    "exp_time_sampling":11,
    "l": 1
    },

"anim":
    {"draw_trace": 1,
     "n_frames" : 1000
    }
}
